{
  "goods": [
    {
      "title": "상품1",
      "price": 9000,
      "src": "http://127.0.0.1:5500/images/img1.jpg"
    },
    {
      "title": "상품2",
      "price": 2500,
      "src": "http://127.0.0.1:5500/images/img2.jpg"
    },
    {
      "title": "상품3",
      "price": 30000,
      "src": "http://127.0.0.1:5500/images/img3.jpg"
    },
    {
      "title": "상품4",
      "price": 15000,
      "src": "http://127.0.0.1:5500/images/img4.jpg"
    },
    {
      "title": "상품5",
      "price": 35000,
      "src": "http://127.0.0.1:5500/images/img5.jpg"
    },
    {
      "title": "상품6",
      "price": 5000,
      "src": "http://127.0.0.1:5500/images/img6.jpg"
    }
  ]
}
